1,46449,6623,Comisión de Estudios Legislativos y Reglamentos
2,46438,6621,Comisión de Hacienda y Presupuestos
3,46437,6620,"Comisión de Educación, Cultura y Deporte"
4,46436,6619,Comisión de Seguridad y Justicia
5,46434,6618,Comisión de Hacienda y Presupuestos
6,46423,6615,"Comisión de Educación, Cultura y Deporte"
7,46420,6613,Comisión de Hacienda y Presupuestos
8,46417,6611,Comisión de Puntos Constitucionales y Electorales
9,46414,6608,Comisión de Desarrollo Productivo y Regional
10,46412,6606,"Comisión de Higiene, Salud Pública y Prevención de las Adicciones"
11,46398,6600,Comisión de Puntos Constitucionales y Electorales
12,46381,6595,Comisión de Estudios Legislativos y Reglamentos
13,46381,6595,"Comisión de Asistencia Social, Familia y Niñez"
14,46380,6594,Comisión de Hacienda y Presupuestos
15,46380,6594,"Comisión de Asistencia Social, Familia y Niñez"
16,46379,6593,"Comisión de Asistencia Social, Familia y Niñez"
17,46378,6592,"Comisión de Asistencia Social, Familia y Niñez"
18,46378,6592,"Comisión de Planeación, Ordenamiento Territorial y de la Gestión del Agua"
19,46377,6591,"Comisión de Asistencia Social, Familia y Niñez"
20,46377,6591,"Comisión de Educación, Cultura y Deporte"
21,46369,6587,Comisión de Hacienda y Presupuestos
22,46369,6587,"Comisión de Planeación, Ordenamiento Territorial y de la Gestión del Agua"
23,46365,6584,Comisión de Seguridad y Justicia
24,46355,6581,Comisión de Gobernación y Fortalecimiento Municipal
25,46321,6569,"Comisión de Educación, Cultura y Deporte"
26,46320,6568,Comisión de Hacienda y Presupuestos
27,33956,6528,Comisión de Derechos Humanos y Pueblos Originarios
28,45672,6220,Comisión de Estudios Legislativos y Reglamentos
29,45672,6220,"Comisión de Competitividad, Desarrollo Económico, Innovación y Trabajo"
30,45643,6209,"Comisión de Educación, Cultura y Deporte"
31,45643,6209,Comisión de Estudios Legislativos y Reglamentos
32,45641,6207,Comisión de Estudios Legislativos y Reglamentos
33,45634,6201,Comisión de Estudios Legislativos y Reglamentos
34,45634,6201,"Comisión de Asistencia Social, Familia y Niñez"
35,45633,6200,Comisión de Hacienda y Presupuestos
36,45570,6148,Comisión de Hacienda y Presupuestos
37,45568,6146,Comisión de Estudios Legislativos y Reglamentos
38,45568,6146,"Comisión de Higiene, Salud Pública y Prevención de las Adicciones"
39,45563,6141,Comisión de Estudios Legislativos y Reglamentos
40,45563,6141,Comisión de Derechos Humanos y Pueblos Originarios
41,45563,6141,"Comisión de Asistencia Social, Familia y Niñez"
42,45562,6140,Comisión de Puntos Constitucionales y Electorales
43,45561,6139,Comisión de Estudios Legislativos y Reglamentos
44,45561,6139,"Comisión de Educación, Cultura y Deporte"
45,45557,6135,Comisión de Estudios Legislativos y Reglamentos
46,45557,6135,"Comisión de Higiene, Salud Pública y Prevención de las Adicciones"
47,45556,6134,"Comisión de Higiene, Salud Pública y Prevención de las Adicciones"
48,45556,6134,Comisión de Estudios Legislativos y Reglamentos
49,45555,6133,Comisión de Estudios Legislativos y Reglamentos
50,45555,6133,Comisión de Derechos Humanos y Pueblos Originarios
51,45555,6133,"Comisión de Asistencia Social, Familia y Niñez"
52,45554,6132,Comisión de Estudios Legislativos y Reglamentos
53,45554,6132,Comisión de Igualdad Sustantiva y de Género
54,45553,6131,Comisión de Estudios Legislativos y Reglamentos
55,45553,6131,Comisión de Seguridad y Justicia
56,45553,6131,Comisión de Vigilancia y Sistema Anticorrupción
57,45520,6127,Comisión de Hacienda y Presupuestos
58,45501,6122,Comisión de Puntos Constitucionales y Electorales
59,45491,6116,Comisión de Hacienda y Presupuestos
60,45477,6114,Comisión de Estudios Legislativos y Reglamentos
61,45477,6114,Comisión de Igualdad Sustantiva y de Género
62,45475,6112,Comisión de Estudios Legislativos y Reglamentos
63,45475,6112,"Comisión de Asistencia Social, Familia y Niñez"
64,45470,6107,"Comisión de Educación, Cultura y Deporte"
65,45470,6107,"Comisión de Competitividad, Desarrollo Económico, Innovación y Trabajo"
66,45470,6107,Comisión de Estudios Legislativos y Reglamentos
67,45459,6103,Comisión de Hacienda y Presupuestos
68,45445,6094,Comisión de Hacienda y Presupuestos
69,45444,6093,"Comisión de Asistencia Social, Familia y Niñez"
70,45444,6093,Comisión de Derechos Humanos y Pueblos Originarios
71,45444,6093,Comisión de Estudios Legislativos y Reglamentos
72,45428,6079,Comisión de Puntos Constitucionales y Electorales
73,45427,6078,Comisión de Puntos Constitucionales y Electorales
74,45426,6077,Comisión de Estudios Legislativos y Reglamentos
75,45426,6077,"Comisión de Competitividad, Desarrollo Económico, Innovación y Trabajo"
76,45420,6071,Comisión de Estudios Legislativos y Reglamentos
77,45420,6071,Comisión de Seguridad y Justicia
78,45420,6071,Comisión de Movilidad y Transporte
79,45419,6070,Comisión de Movilidad y Transporte
80,45419,6070,Comisión de Estudios Legislativos y Reglamentos
81,45418,6069,Comisión de Seguridad y Justicia
82,45418,6069,Comisión de Estudios Legislativos y Reglamentos
83,45411,6063,Comisión de Puntos Constitucionales y Electorales
84,45280,5956,Comisión de Estudios Legislativos y Reglamentos
85,45280,5956,"Comisión de Participación Ciudadana, Transparencia y Etica en el Servicio Público"
86,45267,5943,Comisión de Estudios Legislativos y Reglamentos
87,45267,5943,"Comisión de Participación Ciudadana, Transparencia y Etica en el Servicio Público"
88,45246,5922,Comisión de Estudios Legislativos y Reglamentos
89,45246,5922,"Comisión de Higiene, Salud Pública y Prevención de las Adicciones"
90,45245,5921,Comisión de Estudios Legislativos y Reglamentos
91,45245,5921,"Comisión de Participación Ciudadana, Transparencia y Etica en el Servicio Público"
92,45244,5920,"Comisión de Medio Ambiente, Sostenibilidad, Protección Civil y Resilencia"
93,45244,5920,Comisión de Estudios Legislativos y Reglamentos
94,45243,5919,Comisión de Estudios Legislativos y Reglamentos
95,45243,5919,"Comisión de Competitividad, Desarrollo Económico, Innovación y Trabajo"
96,45242,5918,Comisión de Estudios Legislativos y Reglamentos
97,45242,5918,"Comisión de Competitividad, Desarrollo Económico, Innovación y Trabajo"
98,45241,5917,Comisión de Estudios Legislativos y Reglamentos
99,45241,5917,"Comisión de Medio Ambiente, Sostenibilidad, Protección Civil y Resilencia"
100,45240,5916,Comisión de Estudios Legislativos y Reglamentos
101,45240,5916,"Comisión de Asistencia Social, Familia y Niñez"
102,45239,5915,Comisión de Estudios Legislativos y Reglamentos
103,45239,5915,Comisión de Movilidad y Transporte
104,45238,5914,Comisión de Estudios Legislativos y Reglamentos
105,45238,5914,"Comisión de Higiene, Salud Pública y Prevención de las Adicciones"
106,45237,5913,Comisión de Estudios Legislativos y Reglamentos
107,45237,5913,"Comisión de Higiene, Salud Pública y Prevención de las Adicciones"
108,45236,5912,Comisión de Estudios Legislativos y Reglamentos
109,45236,5912,Comisión de Seguridad y Justicia
110,45236,5912,Comisión de Derechos Humanos y Pueblos Originarios
111,45235,5911,Comisión de Estudios Legislativos y Reglamentos
112,45235,5911,Comisión de Igualdad Sustantiva y de Género
113,45234,5910,"Comisión de Planeación, Ordenamiento Territorial y de la Gestión del Agua"
114,45234,5910,Comisión de Estudios Legislativos y Reglamentos
115,45233,5909,Comisión de Estudios Legislativos y Reglamentos
116,45233,5909,"Comisión de Higiene, Salud Pública y Prevención de las Adicciones"
117,45232,5908,Comisión de Hacienda y Presupuestos
118,45228,5905,Comisión de Puntos Constitucionales y Electorales
119,45220,5902,Comisión de Estudios Legislativos y Reglamentos
120,45220,5902,"Comisión de Participación Ciudadana, Transparencia y Etica en el Servicio Público"
121,45219,5901,Comisión de Igualdad Sustantiva y de Género
122,45219,5901,Comisión de Estudios Legislativos y Reglamentos
123,45218,5900,Comisión de Puntos Constitucionales y Electorales
124,45217,5899,"Comisión de Competitividad, Desarrollo Económico, Innovación y Trabajo"
125,45217,5899,Comisión de Estudios Legislativos y Reglamentos
126,45216,5898,"Comisión de Competitividad, Desarrollo Económico, Innovación y Trabajo"
127,45216,5898,Comisión de Estudios Legislativos y Reglamentos
128,45215,5897,"Comisión de Planeación, Ordenamiento Territorial y de la Gestión del Agua"
129,45215,5897,Comisión de Estudios Legislativos y Reglamentos
130,45214,5896,"Comisión de Planeación, Ordenamiento Territorial y de la Gestión del Agua"
131,45214,5896,Comisión de Estudios Legislativos y Reglamentos
132,45213,5895,Comisión de Estudios Legislativos y Reglamentos
133,45213,5895,"Comisión de Planeación, Ordenamiento Territorial y de la Gestión del Agua"
134,45212,5894,"Comisión de Planeación, Ordenamiento Territorial y de la Gestión del Agua"
135,45212,5894,Comisión de Estudios Legislativos y Reglamentos
136,45211,5893,Comisión de Puntos Constitucionales y Electorales
137,45210,5892,"Comisión de Asistencia Social, Familia y Niñez"
138,45210,5892,Comisión de Estudios Legislativos y Reglamentos
139,45209,5891,Comisión de Estudios Legislativos y Reglamentos
140,45209,5891,"Comisión de Higiene, Salud Pública y Prevención de las Adicciones"
141,45208,5890,"Comisión de Asistencia Social, Familia y Niñez"
142,45208,5890,Comisión de Estudios Legislativos y Reglamentos
143,45207,5889,"Comisión de Asistencia Social, Familia y Niñez"
144,45207,5889,Comisión de Estudios Legislativos y Reglamentos
145,45206,5888,"Comisión de Asistencia Social, Familia y Niñez"
146,45206,5888,Comisión de Estudios Legislativos y Reglamentos
147,45206,5888,Comisión de Igualdad Sustantiva y de Género
148,45205,5887,"Comisión de Asistencia Social, Familia y Niñez"
149,45205,5887,Comisión de Estudios Legislativos y Reglamentos
150,45204,5886,"Comisión de Asistencia Social, Familia y Niñez"
151,45204,5886,Comisión de Estudios Legislativos y Reglamentos
152,45203,5885,Comisión de Estudios Legislativos y Reglamentos
153,45202,5884,Comisión de Estudios Legislativos y Reglamentos
154,45202,5884,"Comisión de Asistencia Social, Familia y Niñez"
155,45202,5884,Comisión de Igualdad Sustantiva y de Género
156,45201,5883,Comisión de Estudios Legislativos y Reglamentos
157,45201,5883,"Comisión de Educación, Cultura y Deporte"
158,45200,5882,"Comisión de Educación, Cultura y Deporte"
159,45200,5882,Comisión de Estudios Legislativos y Reglamentos
160,45199,5881,Comisión de Estudios Legislativos y Reglamentos
161,45199,5881,"Comisión de Planeación, Ordenamiento Territorial y de la Gestión del Agua"
162,45198,5880,Comisión de Estudios Legislativos y Reglamentos
163,45198,5880,Comisión de Seguridad y Justicia
164,45197,5879,Comisión de Estudios Legislativos y Reglamentos
165,45197,5879,"Comisión de Educación, Cultura y Deporte"
166,45196,5878,Comisión de Estudios Legislativos y Reglamentos
167,45196,5878,"Comisión de Higiene, Salud Pública y Prevención de las Adicciones"
168,45195,5877,Comisión de Estudios Legislativos y Reglamentos
169,45194,5876,Comisión de Estudios Legislativos y Reglamentos
170,45193,5875,"Comisión de Asistencia Social, Familia y Niñez"
171,45193,5875,Comisión de Estudios Legislativos y Reglamentos
172,45192,5874,Comisión de Estudios Legislativos y Reglamentos
173,45192,5874,"Comisión de Asistencia Social, Familia y Niñez"
174,45191,5873,Comisión de Estudios Legislativos y Reglamentos
175,45191,5873,"Comisión de Competitividad, Desarrollo Económico, Innovación y Trabajo"
176,45190,5872,Comisión de Derechos Humanos y Pueblos Originarios
177,45190,5872,Comisión de Estudios Legislativos y Reglamentos
178,45189,5871,Comisión de Derechos Humanos y Pueblos Originarios
179,45189,5871,Comisión de Estudios Legislativos y Reglamentos
180,45188,5870,"Comisión de Competitividad, Desarrollo Económico, Innovación y Trabajo"
181,45188,5870,Comisión de Estudios Legislativos y Reglamentos
182,45187,5869,"Comisión de Competitividad, Desarrollo Económico, Innovación y Trabajo"
183,45187,5869,Comisión de Estudios Legislativos y Reglamentos
184,45186,5868,Comisión de Estudios Legislativos y Reglamentos
185,45186,5868,"Comisión de Medio Ambiente, Sostenibilidad, Protección Civil y Resilencia"
186,45185,5867,Comisión de Derechos Humanos y Pueblos Originarios
187,45185,5867,Comisión de Estudios Legislativos y Reglamentos
188,45184,5866,Comisión de Estudios Legislativos y Reglamentos
189,45184,5866,"Comisión de Competitividad, Desarrollo Económico, Innovación y Trabajo"
190,45183,5865,"Comisión de Educación, Cultura y Deporte"
191,45183,5865,Comisión de Estudios Legislativos y Reglamentos
192,45182,5864,Comisión de Estudios Legislativos y Reglamentos
193,45181,5863,"Comisión de Asistencia Social, Familia y Niñez"
194,45181,5863,Comisión de Estudios Legislativos y Reglamentos
195,45180,5862,"Comisión de Educación, Cultura y Deporte"
196,45180,5862,Comisión de Estudios Legislativos y Reglamentos
197,45179,5861,"Comisión de Educación, Cultura y Deporte"
198,45179,5861,Comisión de Estudios Legislativos y Reglamentos
199,45178,5860,"Comisión de Educación, Cultura y Deporte"
200,45178,5860,Comisión de Estudios Legislativos y Reglamentos
201,45177,5859,"Comisión de Educación, Cultura y Deporte"
202,45177,5859,Comisión de Estudios Legislativos y Reglamentos
203,45176,5858,Comisión de Estudios Legislativos y Reglamentos
204,45175,5857,Comisión de Estudios Legislativos y Reglamentos
205,45174,5856,Comisión de Estudios Legislativos y Reglamentos
206,45173,5855,Comisión de Estudios Legislativos y Reglamentos
207,45172,5854,Comisión de Estudios Legislativos y Reglamentos
208,45171,5853,Comisión de Seguridad y Justicia
209,45171,5853,Comisión de Estudios Legislativos y Reglamentos
210,45153,5844,Comisión de Estudios Legislativos y Reglamentos
211,45153,5844,"Comisión de Competitividad, Desarrollo Económico, Innovación y Trabajo"
212,45152,5843,Comisión de Responsabilidades
213,45152,5843,Comisión de Estudios Legislativos y Reglamentos
214,32946,5752,Comisión de Derechos Humanos y Pueblos Originarios
215,44646,5493,"Comisión de Participación Ciudadana, Transparencia y Etica en el Servicio Público"
216,44646,5493,Comisión de Estudios Legislativos y Reglamentos
217,44571,5444,"Comisión de Participación Ciudadana, Transparencia y Etica en el Servicio Público"
218,44571,5444,Comisión de Estudios Legislativos y Reglamentos
219,44494,5389,Comisión de Puntos Constitucionales y Electorales
220,44493,5388,Comisión de Estudios Legislativos y Reglamentos
221,44493,5388,"Comisión de Educación, Cultura y Deporte"
222,44491,5387,Comisión de Estudios Legislativos y Reglamentos
223,44477,5374,Comisión de Puntos Constitucionales y Electorales
224,44470,5367,Comisión de Puntos Constitucionales y Electorales
225,44467,5364,Comisión de Puntos Constitucionales y Electorales
226,44456,5353,Comisión de Puntos Constitucionales y Electorales
227,44455,5352,Comisión de Puntos Constitucionales y Electorales
228,44451,5348,Comisión de Puntos Constitucionales y Electorales
229,44407,5304,Comisión de Estudios Legislativos y Reglamentos
230,44217,5145,Comisión de Estudios Legislativos y Reglamentos
231,44217,5145,"Comisión de Medio Ambiente, Sostenibilidad, Protección Civil y Resilencia"
232,44216,5144,Comisión de Estudios Legislativos y Reglamentos
233,44216,5144,"Comisión de Asistencia Social, Familia y Niñez"
234,44215,5143,Comisión de Estudios Legislativos y Reglamentos
235,44215,5143,"Comisión de Participación Ciudadana, Transparencia y Etica en el Servicio Público"
236,44214,5142,Comisión de Estudios Legislativos y Reglamentos
237,44213,5141,Comisión de Puntos Constitucionales y Electorales
238,44212,5140,Comisión de Estudios Legislativos y Reglamentos
239,44211,5139,Comisión de Puntos Constitucionales y Electorales
240,44210,5138,Comisión de Estudios Legislativos y Reglamentos
241,44210,5138,"Comisión de Educación, Cultura y Deporte"
242,44209,5137,Comisión de Estudios Legislativos y Reglamentos
243,44209,5137,Comisión de Seguridad y Justicia
244,44208,5136,Comisión de Puntos Constitucionales y Electorales
245,44207,5135,Comisión de Vigilancia y Sistema Anticorrupción
246,44207,5135,Comisión de Estudios Legislativos y Reglamentos
247,44207,5135,Comisión de Puntos Constitucionales y Electorales
248,44206,5134,Comisión de Movilidad y Transporte
249,44206,5134,Comisión de Estudios Legislativos y Reglamentos
250,43975,4977,Comisión de Estudios Legislativos y Reglamentos
251,43975,4977,"Comisión de Educación, Cultura y Deporte"
252,43974,4976,Comisión de Estudios Legislativos y Reglamentos
253,43974,4976,Comisión de Seguridad y Justicia
254,43973,4975,Comisión de Puntos Constitucionales y Electorales
255,43972,4974,Comisión de Estudios Legislativos y Reglamentos
256,43971,4973,"Comisión de Educación, Cultura y Deporte"
257,43971,4973,Comisión de Estudios Legislativos y Reglamentos
258,43970,4972,Comisión de Estudios Legislativos y Reglamentos
259,43970,4972,Comisión de Puntos Constitucionales y Electorales
260,43970,4972,Comisión de Movilidad y Transporte
261,43969,4971,Comisión de Estudios Legislativos y Reglamentos
262,43969,4971,Comisión de Movilidad y Transporte
263,43856,4883,Comisión de Seguridad y Justicia
264,43856,4883,Comisión de Estudios Legislativos y Reglamentos
265,43836,4876,"Comisión de Competitividad, Desarrollo Económico, Innovación y Trabajo"
266,43836,4876,Comisión de Puntos Constitucionales y Electorales
267,43836,4876,Comisión de Igualdad Sustantiva y de Género
268,43835,4875,Comisión de Estudios Legislativos y Reglamentos
269,43835,4875,"Comisión de Competitividad, Desarrollo Económico, Innovación y Trabajo"
270,43833,4873,Comisión de Seguridad y Justicia
271,43833,4873,Comisión de Estudios Legislativos y Reglamentos
272,43832,4872,Comisión de Estudios Legislativos y Reglamentos
273,43831,4871,Comisión de Estudios Legislativos y Reglamentos
274,43830,4870,Comisión de Estudios Legislativos y Reglamentos
275,43830,4870,Comisión de Movilidad y Transporte
276,43823,4865,Comisión de Puntos Constitucionales y Electorales
277,43818,4862,Comisión de Responsabilidades
278,31042,4704,Comisión de Derechos Humanos y Pueblos Originarios
279,43383,4524,Comisión de Estudios Legislativos y Reglamentos
280,43383,4524,"Comisión de Asistencia Social, Familia y Niñez"
281,43383,4524,Comisión de Puntos Constitucionales y Electorales
282,43382,4523,Comisión de Estudios Legislativos y Reglamentos
283,43381,4522,Comisión de Estudios Legislativos y Reglamentos
284,43381,4522,Comisión de Seguridad y Justicia
285,43380,4521,Comisión de Estudios Legislativos y Reglamentos
286,43380,4521,Comisión de Derechos Humanos y Pueblos Originarios
287,43379,4520,"Comisión de Higiene, Salud Pública y Prevención de las Adicciones"
288,43379,4520,Comisión de Estudios Legislativos y Reglamentos
289,43378,4519,Comisión de Puntos Constitucionales y Electorales
290,43325,4472,Comisión de Movilidad y Transporte
291,43325,4472,Comisión de Estudios Legislativos y Reglamentos
292,43321,4468,Comisión de Estudios Legislativos y Reglamentos
293,43321,4468,"Comisión de Competitividad, Desarrollo Económico, Innovación y Trabajo"
294,43320,4467,Comisión de Estudios Legislativos y Reglamentos
295,43320,4467,Comisión de Responsabilidades
296,43319,4466,Comisión de Estudios Legislativos y Reglamentos
297,43318,4465,Comisión de Estudios Legislativos y Reglamentos
298,43317,4464,Comisión de Puntos Constitucionales y Electorales
299,43315,4462,Comisión de Estudios Legislativos y Reglamentos
300,43315,4462,Comisión de Seguridad y Justicia
301,43314,4461,Comisión de Estudios Legislativos y Reglamentos
302,43314,4461,"Comisión de Competitividad, Desarrollo Económico, Innovación y Trabajo"
303,43313,4460,Comisión de Estudios Legislativos y Reglamentos
304,43312,4459,Comisión de Estudios Legislativos y Reglamentos
305,43312,4459,Comisión de Vigilancia y Sistema Anticorrupción
306,43311,4458,Comisión de Puntos Constitucionales y Electorales
307,43310,4457,Comisión de Hacienda y Presupuestos
308,43309,4456,Comisión de Vigilancia y Sistema Anticorrupción
309,43309,4456,Comisión de Estudios Legislativos y Reglamentos
310,43309,4456,Comisión de Hacienda y Presupuestos
311,43308,4455,Comisión de Estudios Legislativos y Reglamentos
312,43307,4454,Comisión de Puntos Constitucionales y Electorales
313,43306,4453,Comisión de Puntos Constitucionales y Electorales
314,43304,4451,Comisión de Puntos Constitucionales y Electorales
315,43303,4450,Comisión de Estudios Legislativos y Reglamentos
316,43303,4450,"Comisión de Competitividad, Desarrollo Económico, Innovación y Trabajo"
317,43302,4449,Comisión de Igualdad Sustantiva y de Género
318,43302,4449,Comisión de Estudios Legislativos y Reglamentos
319,43301,4448,Comisión de Puntos Constitucionales y Electorales
320,43301,4448,Comisión de Estudios Legislativos y Reglamentos
321,43301,4448,Comisión de Igualdad Sustantiva y de Género
322,43300,4447,"Comisión de Educación, Cultura y Deporte"
323,43299,4446,Comisión de Estudios Legislativos y Reglamentos
324,43299,4446,Comisión de Puntos Constitucionales y Electorales
325,43298,4445,Comisión de Estudios Legislativos y Reglamentos
326,43298,4445,"Comisión de Higiene, Salud Pública y Prevención de las Adicciones"
327,43298,4445,"Comisión de Educación, Cultura y Deporte"
328,43232,4398,Comisión de Hacienda y Presupuestos
329,43229,4397,Comisión de Hacienda y Presupuestos
330,43220,4392,Comisión de Hacienda y Presupuestos
331,43215,4390,Comisión de Estudios Legislativos y Reglamentos
332,43215,4390,Comisión de Hacienda y Presupuestos
333,43215,4390,"Comisión de Higiene, Salud Pública y Prevención de las Adicciones"
334,43214,4389,Comisión de Puntos Constitucionales y Electorales
335,43214,4389,"Comisión de Asistencia Social, Familia y Niñez"
336,43206,4381,Comisión de Estudios Legislativos y Reglamentos
337,43204,4379,Comisión de Estudios Legislativos y Reglamentos
338,43203,4378,Comisión de Estudios Legislativos y Reglamentos
339,43203,4378,Comisión de Seguridad y Justicia
340,43202,4377,Comisión de Estudios Legislativos y Reglamentos
341,43202,4377,Comisión de Igualdad Sustantiva y de Género
342,43201,4376,Comisión de Estudios Legislativos y Reglamentos
343,43201,4376,"Comisión de Higiene, Salud Pública y Prevención de las Adicciones"
344,43200,4375,Comisión de Estudios Legislativos y Reglamentos
345,43200,4375,Comisión de Seguridad y Justicia
346,43199,4374,Comisión de Estudios Legislativos y Reglamentos
347,43198,4373,Comisión de Estudios Legislativos y Reglamentos
348,43197,4372,Comisión de Puntos Constitucionales y Electorales
349,43196,4371,Comisión de Puntos Constitucionales y Electorales
350,43195,4370,"Comisión de Educación, Cultura y Deporte"
351,43195,4370,Comisión de Estudios Legislativos y Reglamentos
352,43195,4370,Comisión de Puntos Constitucionales y Electorales
353,43194,4369,Comisión de Puntos Constitucionales y Electorales
354,43193,4368,Comisión de Estudios Legislativos y Reglamentos
355,43193,4368,"Comisión de Asistencia Social, Familia y Niñez"
356,43192,4367,Comisión de Hacienda y Presupuestos
357,43191,4366,Comisión de Responsabilidades
358,43191,4366,Comisión de Estudios Legislativos y Reglamentos
359,43190,4365,Comisión de Estudios Legislativos y Reglamentos
360,43190,4365,Comisión de Movilidad y Transporte
361,43189,4364,Comisión de Estudios Legislativos y Reglamentos
362,43188,4363,Comisión de Estudios Legislativos y Reglamentos
363,43187,4362,Comisión de Estudios Legislativos y Reglamentos
364,43187,4362,"Comisión de Higiene, Salud Pública y Prevención de las Adicciones"
365,43168,4351,Comisión de Hacienda y Presupuestos
366,43150,4333,Comisión de Hacienda y Presupuestos
367,43132,4315,Comisión de Hacienda y Presupuestos
368,43131,4314,Comisión de Hacienda y Presupuestos
369,43130,4313,Comisión de Hacienda y Presupuestos
370,43129,4312,Comisión de Hacienda y Presupuestos
371,43128,4311,Comisión de Hacienda y Presupuestos
372,43127,4310,Comisión de Hacienda y Presupuestos
373,43097,4297,Comisión de Estudios Legislativos y Reglamentos
374,43096,4296,Comisión de Estudios Legislativos y Reglamentos
375,43096,4296,Comisión de Seguridad y Justicia
376,43095,4295,Comisión de Estudios Legislativos y Reglamentos
377,43094,4294,Comisión de Estudios Legislativos y Reglamentos
378,43093,4293,Comisión de Gobernación y Fortalecimiento Municipal
379,43092,4292,Comisión de Estudios Legislativos y Reglamentos
380,43092,4292,"Comisión de Educación, Cultura y Deporte"
381,43091,4291,Comisión de Seguridad y Justicia
382,43091,4291,Comisión de Puntos Constitucionales y Electorales
383,43090,4290,Comisión de Puntos Constitucionales y Electorales
384,43089,4289,Comisión de Estudios Legislativos y Reglamentos
385,43089,4289,Comisión de Igualdad Sustantiva y de Género
386,43088,4288,Comisión de Puntos Constitucionales y Electorales
387,43087,4287,Comisión de Puntos Constitucionales y Electorales
388,43086,4286,Comisión de Estudios Legislativos y Reglamentos
389,43085,4285,Comisión de Estudios Legislativos y Reglamentos
390,43085,4285,"Comisión de Higiene, Salud Pública y Prevención de las Adicciones"
391,43084,4284,Comisión de Puntos Constitucionales y Electorales
392,43082,4283,Comisión de Estudios Legislativos y Reglamentos
393,43082,4283,Comisión de Vigilancia y Sistema Anticorrupción
394,43080,4280,Comisión de Estudios Legislativos y Reglamentos
395,43080,4280,"Comisión de Educación, Cultura y Deporte"
396,43079,4279,Comisión de Estudios Legislativos y Reglamentos
397,43078,4278,Comisión de Estudios Legislativos y Reglamentos
398,43078,4278,Comisión de Seguridad y Justicia
399,43077,4277,"Comisión de Educación, Cultura y Deporte"
400,43076,4276,Comisión de Puntos Constitucionales y Electorales
401,43074,4274,"Comisión de Higiene, Salud Pública y Prevención de las Adicciones"
402,43074,4274,Comisión de Estudios Legislativos y Reglamentos
403,43071,4271,"Comisión de Educación, Cultura y Deporte"
404,43070,4270,Comisión de Estudios Legislativos y Reglamentos
405,43070,4270,"Comisión de Educación, Cultura y Deporte"
406,43031,4241,Comisión de Gobernación y Fortalecimiento Municipal
407,42996,4221,Comisión de Estudios Legislativos y Reglamentos
408,42996,4221,"Comisión de Participación Ciudadana, Transparencia y Etica en el Servicio Público"
409,42901,4126,Comisión de Gobernación y Fortalecimiento Municipal
410,42893,4124,Comisión de Hacienda y Presupuestos
411,42889,4122,Comisión de Estudios Legislativos y Reglamentos
412,42888,4121,Comisión de Estudios Legislativos y Reglamentos
413,42887,4120,Comisión de Estudios Legislativos y Reglamentos
414,42887,4120,Comisión de Seguridad y Justicia
415,42886,4119,Comisión de Puntos Constitucionales y Electorales
416,42885,4118,Comisión de Hacienda y Presupuestos
417,42884,4117,Comisión de Estudios Legislativos y Reglamentos
418,42883,4116,Comisión de Estudios Legislativos y Reglamentos
419,42883,4116,Comisión de Movilidad y Transporte
420,42882,4115,Comisión de Puntos Constitucionales y Electorales
421,42881,4114,Comisión de Gobernación y Fortalecimiento Municipal
422,42880,4113,Comisión de Estudios Legislativos y Reglamentos
423,42879,4112,Comisión de Estudios Legislativos y Reglamentos
424,42879,4112,"Comisión de Asistencia Social, Familia y Niñez"
425,42878,4111,Comisión de Puntos Constitucionales y Electorales
426,42877,4110,Comisión de Puntos Constitucionales y Electorales
427,42876,4109,Comisión de Puntos Constitucionales y Electorales
428,42875,4108,Comisión de Estudios Legislativos y Reglamentos
429,42875,4108,"Comisión de Higiene, Salud Pública y Prevención de las Adicciones"
430,42874,4107,"Comisión de Higiene, Salud Pública y Prevención de las Adicciones"
431,42874,4107,Comisión de Estudios Legislativos y Reglamentos
432,42872,4105,Comisión de Estudios Legislativos y Reglamentos
433,42872,4105,Comisión de Desarrollo Productivo y Regional
434,42871,4104,"Comisión de Asistencia Social, Familia y Niñez"
435,42871,4104,Comisión de Seguridad y Justicia
436,42870,4103,Comisión de Estudios Legislativos y Reglamentos
437,42870,4103,"Comisión de Asistencia Social, Familia y Niñez"
438,42869,4102,Comisión de Seguridad y Justicia
439,42869,4102,Comisión de Estudios Legislativos y Reglamentos
440,42869,4102,"Comisión de Competitividad, Desarrollo Económico, Innovación y Trabajo"
441,42815,4078,"Comisión de Educación, Cultura y Deporte"
442,42814,4077,Comisión de Gobernación y Fortalecimiento Municipal
443,42813,4076,Comisión de Puntos Constitucionales y Electorales
444,42811,4074,"Comisión de Educación, Cultura y Deporte"
445,42810,4073,"Comisión de Educación, Cultura y Deporte"
446,42809,4072,Comisión de Estudios Legislativos y Reglamentos
447,42809,4072,"Comisión de Competitividad, Desarrollo Económico, Innovación y Trabajo"
448,42808,4071,Comisión de Puntos Constitucionales y Electorales
449,42808,4071,Comisión de Igualdad Sustantiva y de Género
450,42807,4070,Comisión de Estudios Legislativos y Reglamentos
451,42807,4070,"Comisión de Medio Ambiente, Sostenibilidad, Protección Civil y Resilencia"
452,42807,4070,Comisión de Movilidad y Transporte
453,42803,4066,Comisión de Derechos Humanos y Pueblos Originarios
454,42803,4066,Comisión de Estudios Legislativos y Reglamentos
455,42801,4064,Comisión de Estudios Legislativos y Reglamentos
456,42801,4064,Comisión de Seguridad y Justicia
457,42798,4061,Comisión de Puntos Constitucionales y Electorales
458,42760,4040,Comisión de Hacienda y Presupuestos
459,42749,4035,Comisión de Estudios Legislativos y Reglamentos
460,42749,4035,Comisión de Seguridad y Justicia
461,42748,4034,Comisión de Hacienda y Presupuestos
462,42697,4030,Comisión de Hacienda y Presupuestos
463,42729,4025,"Comisión de Educación, Cultura y Deporte"
464,42686,3995,Comisión de Hacienda y Presupuestos
465,42667,3993,Comisión de Estudios Legislativos y Reglamentos
466,42209,3695,Comisión de Estudios Legislativos y Reglamentos
467,42209,3695,"Comisión de Higiene, Salud Pública y Prevención de las Adicciones"
468,42209,3695,"Comisión de Asistencia Social, Familia y Niñez"
469,42200,3686,Comisión de Estudios Legislativos y Reglamentos
470,42200,3686,"Comisión de Asistencia Social, Familia y Niñez"
471,42084,3592,Comisión de Estudios Legislativos y Reglamentos
472,42084,3592,"Comisión de Asistencia Social, Familia y Niñez"
473,42079,3587,Comisión de Estudios Legislativos y Reglamentos
474,42079,3587,Comisión de Estudios Legislativos y Reglamentos
475,42079,3587,"Comisión de Competitividad, Desarrollo Económico, Innovación y Trabajo"
476,42079,3587,"Comisión de Competitividad, Desarrollo Económico, Innovación y Trabajo"
477,42079,3587,"Comisión de Participación Ciudadana, Transparencia y Etica en el Servicio Público"
478,42079,3587,"Comisión de Participación Ciudadana, Transparencia y Etica en el Servicio Público"
479,41997,3520,Comisión de Hacienda y Presupuestos
480,41996,3519,Comisión de Hacienda y Presupuestos
481,41673,3282,Comisión de Derechos Humanos y Pueblos Originarios
482,41672,3281,Comisión de Derechos Humanos y Pueblos Originarios
483,41671,3280,Comisión de Derechos Humanos y Pueblos Originarios
484,40141,2057,Comisión de Estudios Legislativos y Reglamentos
485,40141,2057,"Comisión de Participación Ciudadana, Transparencia y Etica en el Servicio Público"
486,38599,1626,Comisión de Estudios Legislativos y Reglamentos
487,38599,1626,"Comisión de Participación Ciudadana, Transparencia y Etica en el Servicio Público"
488,37318,667,"Comisión de Participación Ciudadana, Transparencia y Etica en el Servicio Público"
489,37318,667,Comisión de Puntos Constitucionales y Electorales
490,35525,49,Comisión de Derechos Humanos y Pueblos Originarios
