1,46449,6623,Guadalajara
2,46438,6621,Guadalajara
3,46437,6620,Soltero Meza José Juan
4,46436,6619,Soltero Meza José Juan
5,46434,6618,Puerto Vallarta
6,46423,6615,Sánchez Carrillo Carlos Eduardo
7,46420,6613,Jalostotitlán
8,46417,6611,Fregoso Franco Rosa Angélica
9,46414,6608,Murguía Torres Claudia
10,46412,6606,Alcaraz Virgen Ma. Elizabeth
11,46398,6600,García Mosqueda Sofía Berenice
12,46381,6595,Macías Zambrano Gustavo
13,46380,6594,Macías Zambrano Gustavo
14,46379,6593,Macías Zambrano Gustavo
15,46378,6592,Macías Zambrano Gustavo
16,46377,6591,Macías Zambrano Gustavo
17,46369,6587,Franco Barba Priscilla
18,46365,6584,Cortés Berumen José Hernán
19,46355,6581,López Chávez María Esther
20,46321,6569,Estrada Ramírez Esteban
21,46320,6568,Guadalajara
22,33956,6528,Kumamoto Aguilar José Pedro
23,33956,6528,Ramírez Pérez Erika Lizbeth
24,33956,6528,Arceo García Sergio Martín
25,33956,6528,Pérez Chavira María del Pilar
26,33956,6528,Cárdenas Casillas Silvia
27,33956,6528,De Anda Licea Irma
28,33956,6528,Cortés Berumen Isaías
29,33956,6528,Álvarez Chávez Francisco Javier
30,33956,6528,Villanueva Nuñez Martha
31,33956,6528,Rodríguez Díaz Hugo
32,33956,6528,Hernández Hernández Omar
33,33956,6528,Morones Vargas Liliana Guadalupe
34,45672,6220,Sánchez Carrillo Carlos Eduardo
35,45672,6220,Cortés Berumen José Hernán
36,45672,6220,González Orozco Irma Verónica
37,45672,6220,González Fierros Adenawer
38,45643,6209,Robles Villaseñor Mara Nadiezhda
39,45641,6207,Robles Villaseñor Mara Nadiezhda
40,45634,6201,Robles de León Daniel
41,45633,6200,Gobernador del Estado de Jalisco
42,45570,6148,Gobernador del Estado de Jalisco
43,45568,6146,Flores Gómez Mirza
44,45563,6141,De Anda Licea Irma
45,45563,6141,Hurtado Torres José de Jesús
46,45563,6141,González Arana Jorge Eduardo
47,45563,6141,González Orozco Irma Verónica
48,45563,6141,Cortés Berumen José Hernán
49,45563,6141,Macías Zambrano Gustavo
50,45563,6141,Sánchez Carrillo Carlos Eduardo
51,45562,6140,González Orozco Irma Verónica
52,45562,6140,Hurtado Torres José de Jesús
53,45562,6140,Sánchez Carrillo Carlos Eduardo
54,45562,6140,Cortés Berumen José Hernán
55,45562,6140,De Anda Licea Irma
56,45562,6140,González Arana Jorge Eduardo
57,45562,6140,Macías Zambrano Gustavo
58,45561,6139,Sánchez Carrillo Carlos Eduardo
59,45561,6139,González Arana Jorge Eduardo
60,45561,6139,Hurtado Torres José de Jesús
61,45561,6139,De Anda Licea Irma
62,45561,6139,Cortés Berumen José Hernán
63,45561,6139,Macías Zambrano Gustavo
64,45561,6139,González Orozco Irma Verónica
65,45557,6135,González Fierros Adenawer
66,45557,6135,Cortés Berumen José Hernán
67,45557,6135,Sánchez Carrillo Carlos Eduardo
68,45557,6135,González Orozco Irma Verónica
69,45556,6134,Sánchez Carrillo Carlos Eduardo
70,45556,6134,González Orozco Irma Verónica
71,45556,6134,Cortés Berumen José Hernán
72,45556,6134,González Fierros Adenawer
73,45555,6133,Cortés Berumen José Hernán
74,45555,6133,González Orozco Irma Verónica
75,45555,6133,González Fierros Adenawer
76,45555,6133,Sánchez Carrillo Carlos Eduardo
77,45554,6132,González Fierros Adenawer
78,45554,6132,González Orozco Irma Verónica
79,45554,6132,Sánchez Carrillo Carlos Eduardo
80,45554,6132,Cortés Berumen José Hernán
81,45553,6131,Sandoval García Ana Lidia
82,45520,6127,Zacoalco de Torres
83,45501,6122,Gobernador del Estado de Jalisco
84,45491,6116,Gobernador del Estado de Jalisco
85,45477,6114,Cortés Berumen José Hernán
86,45477,6114,González Fierros Adenawer
87,45475,6112,Cortés Berumen José Hernán
88,45470,6107,Estrada Ramírez Esteban
89,45470,6107,Caro Cabrera Salvador
90,45459,6103,Gobernador del Estado de Jalisco
91,45445,6094,Zapopan
92,45444,6093,De Anda Licea Irma
93,45428,6079,Franco Barba Priscilla
94,45427,6078,Sandoval García Ana Lidia
95,45426,6077,Meza Núñez María Patricia
96,45420,6071,Martínez García Jonadab
97,45419,6070,Martínez García Jonadab
98,45418,6069,Velázquez González Edgar Enrique
99,45411,6063,Pizano Ramos Héctor
100,45411,6063,Velázquez González Edgar Enrique
101,45280,5956,Meza Núñez María Patricia
102,45267,5943,Meza Núñez María Patricia
103,45246,5922,Meza Núñez María Patricia
104,45245,5921,Meza Núñez María Patricia
105,45244,5920,Meza Núñez María Patricia
106,45243,5919,Meza Núñez María Patricia
107,45242,5918,Meza Núñez María Patricia
108,45241,5917,Meza Núñez María Patricia
109,45240,5916,Meza Núñez María Patricia
110,45239,5915,Meza Núñez María Patricia
111,45238,5914,Meza Núñez María Patricia
112,45237,5913,Meza Núñez María Patricia
113,45236,5912,Meza Núñez María Patricia
114,45235,5911,Meza Núñez María Patricia
115,45234,5910,Meza Núñez María Patricia
116,45233,5909,Meza Núñez María Patricia
117,45232,5908,Rodríguez Jiménez Ricardo
118,45232,5908,Velázquez Chávez Gerardo Quirino
119,45228,5905,Velázquez Chávez Gerardo Quirino
120,45220,5902,Fernández Ramírez Mariana
121,45219,5901,Meza Núñez María Patricia
122,45218,5900,Meza Núñez María Patricia
123,45217,5899,Meza Núñez María Patricia
124,45216,5898,Meza Núñez María Patricia
125,45215,5897,Meza Núñez María Patricia
126,45214,5896,Meza Núñez María Patricia
127,45213,5895,Meza Núñez María Patricia
128,45212,5894,Meza Núñez María Patricia
129,45211,5893,Meza Núñez María Patricia
130,45210,5892,Meza Núñez María Patricia
131,45209,5891,Meza Núñez María Patricia
132,45208,5890,Meza Núñez María Patricia
133,45207,5889,Meza Núñez María Patricia
134,45206,5888,Meza Núñez María Patricia
135,45205,5887,Meza Núñez María Patricia
136,45204,5886,Meza Núñez María Patricia
137,45203,5885,Meza Núñez María Patricia
138,45202,5884,Meza Núñez María Patricia
139,45201,5883,Meza Núñez María Patricia
140,45200,5882,Meza Núñez María Patricia
141,45199,5881,Meza Núñez María Patricia
142,45198,5880,Meza Núñez María Patricia
143,45197,5879,Meza Núñez María Patricia
144,45196,5878,Meza Núñez María Patricia
145,45195,5877,Meza Núñez María Patricia
146,45194,5876,Meza Núñez María Patricia
147,45193,5875,Meza Núñez María Patricia
148,45192,5874,Meza Núñez María Patricia
149,45191,5873,Meza Núñez María Patricia
150,45190,5872,Meza Núñez María Patricia
151,45189,5871,Meza Núñez María Patricia
152,45188,5870,Meza Núñez María Patricia
153,45187,5869,Meza Núñez María Patricia
154,45186,5868,Meza Núñez María Patricia
155,45185,5867,Meza Núñez María Patricia
156,45184,5866,Meza Núñez María Patricia
157,45183,5865,Meza Núñez María Patricia
158,45182,5864,Meza Núñez María Patricia
159,45181,5863,Meza Núñez María Patricia
160,45180,5862,Meza Núñez María Patricia
161,45179,5861,Meza Núñez María Patricia
162,45178,5860,Meza Núñez María Patricia
163,45177,5859,Meza Núñez María Patricia
164,45176,5858,Meza Núñez María Patricia
165,45175,5857,Meza Núñez María Patricia
166,45174,5856,Meza Núñez María Patricia
167,45173,5855,Meza Núñez María Patricia
168,45172,5854,Meza Núñez María Patricia
169,45171,5853,Meza Núñez María Patricia
170,45153,5844,Cortés Berumen José Hernán
171,45152,5843,Cortés Berumen José Hernán
172,32946,5752,Caro Cabrera Salvador
173,44646,5493,De Anda Licea Irma
174,44571,5444,Cortés Berumen José Hernán
175,44494,5389,De Anda Licea Irma
176,44493,5388,De Anda Licea Irma
177,44491,5387,De Anda Licea Irma
178,44477,5374,De Anda Licea Irma
179,44470,5367,De Anda Licea Irma
180,44467,5364,De Anda Licea Irma
181,44456,5353,De Anda Licea Irma
182,44455,5352,De Anda Licea Irma
183,44451,5348,De Anda Licea Irma
184,44407,5304,Robles de León Daniel
185,44217,5145,Murguía Torres Claudia
186,44216,5144,Sandoval García Ana Lidia
187,44215,5143,Sandoval García Ana Lidia
188,44214,5142,Sandoval García Ana Lidia
189,44213,5141,Romo Mendoza Francisco Javier
190,44212,5140,De Anda Licea Irma
191,44211,5139,Macías Zambrano Gustavo
192,44210,5138,Romo Mendoza Francisco Javier
193,44210,5138,Franco Barba Priscilla
194,44209,5137,Velázquez Chávez Gerardo Quirino
195,44208,5136,Lemus Herrera Arturo
196,44207,5135,Flores Gómez Mirza
197,44206,5134,Alcaraz Virgen Ma. Elizabeth
198,44206,5134,Meza Núñez María Patricia
199,44206,5134,Martínez García Jonadab
200,44206,5134,Robles Villaseñor Mara Nadiezhda
201,44206,5134,Franco Barba Priscilla
202,44206,5134,González Arana Jorge Eduardo
203,44206,5134,González Orozco Irma Verónica
204,44206,5134,Sánchez Carrillo Carlos Eduardo
205,44206,5134,Hurtado Torres José de Jesús
206,44206,5134,Velázquez Chávez Gerardo Quirino
207,44206,5134,Fregoso Franco Rosa Angélica
208,44206,5134,Blancas Mercado Bruno
209,44206,5134,Lemus Herrera Arturo
210,44206,5134,Valenzuela Álvarez Norma
211,44206,5134,Pérez García Érika
212,44206,5134,Cabrera Jiménez J. Jesús
213,44206,5134,Espanta Tejeda Ismael
214,44206,5134,Flores Gómez Mirza
215,44206,5134,Estrada Ramírez Esteban
216,44206,5134,Romo Mendoza Francisco Javier
217,44206,5134,Munguía González Luis Ernesto
218,43975,4977,Robles Villaseñor Mara Nadiezhda
219,43975,4977,Meza Núñez María Patricia
220,43974,4976,Cortés Berumen José Hernán
221,43973,4975,Cortés Berumen José Hernán
222,43972,4974,Robles de León Daniel
223,43971,4973,Velázquez Chávez Gerardo Quirino
224,43970,4972,Romo Mendoza Francisco Javier
225,43970,4972,Martínez García Jonadab
226,43969,4971,Martínez García Jonadab
227,43856,4883,Gobernador del Estado de Jalisco
228,43836,4876,Flores Gómez Mirza
229,43836,4876,Martínez García Jonadab
230,43836,4876,Caro Cabrera Salvador
231,43836,4876,Munguía González Luis Ernesto
232,43836,4876,Estrada Ramírez Esteban
233,43836,4876,Robles de León Daniel
234,43836,4876,Velázquez González Edgar Enrique
235,43836,4876,Franco Barba Priscilla
236,43836,4876,Espanta Tejeda Ismael
237,43836,4876,Pizano Ramos Héctor
238,43836,4876,Velázquez Chávez Gerardo Quirino
239,43836,4876,Cabrera Jiménez J. Jesús
240,43836,4876,Robles Villaseñor Mara Nadiezhda
241,43836,4876,Alcaraz Virgen Ma. Elizabeth
242,43836,4876,Romo Mendoza Francisco Javier
243,43836,4876,Sandoval García Ana Lidia
244,43836,4876,Rivera Rodríguez Miriam Berenice
245,43836,4876,Rodríguez Jiménez Ricardo
246,43835,4875,Romo Mendoza Francisco Javier
247,43833,4873,Sandoval García Ana Lidia
248,43832,4872,Sandoval García Ana Lidia
249,43831,4871,Sandoval García Ana Lidia
250,43830,4870,Martínez García Jonadab
251,43830,4870,Sandoval García Ana Lidia
252,43830,4870,Robles de León Daniel
253,43830,4870,Espanta Tejeda Ismael
254,43830,4870,Cabrera Jiménez J. Jesús
255,43830,4870,Robles Villaseñor Mara Nadiezhda
256,43830,4870,Flores Gómez Mirza
257,43830,4870,Franco Barba Priscilla
258,43830,4870,Velázquez Chávez Gerardo Quirino
259,43823,4865,De Anda Licea Irma
260,43818,4862,López Chávez María Esther
261,43818,4862,Valenzuela Álvarez Norma
262,43818,4862,Pérez García Érika
263,31042,4704,López Orozco Antonio
264,31042,4704,Morones Vargas Liliana Guadalupe
265,31042,4704,Arana Arana Jorge
266,31042,4704,Delgadillo González Claudia
267,31042,4704,Ceballos Guzmán Juana
268,31042,4704,Ruiz Esparza Hermosillo Hugo Rene
269,31042,4704,Ruiz Moreno María del Refugio
270,31042,4704,Arellano Guzmán Salvador
271,31042,4704,Olguín Rojas Victoria Anahí
272,31042,4704,Contreras Zepeda Hugo
273,31042,4704,Bañales Orozco Édgar Oswaldo
274,31042,4704,Barajas del Toro Martha Susana
275,43383,4524,Fregoso Franco Rosa Angélica
276,43383,4524,Caro Cabrera Salvador
277,43383,4524,Cabrera Jiménez J. Jesús
278,43383,4524,Martínez García Jonadab
279,43383,4524,Franco Barba Priscilla
280,43383,4524,Pizano Ramos Héctor
281,43383,4524,Robles de León Daniel
282,43383,4524,Alcaraz Virgen Ma. Elizabeth
283,43383,4524,Estrada Ramírez Esteban
284,43383,4524,Robles Villaseñor Mara Nadiezhda
285,43383,4524,Munguía González Luis Ernesto
286,43383,4524,Rivera Rodríguez Miriam Berenice
287,43382,4523,Sandoval García Ana Lidia
288,43381,4522,Velázquez Chávez Gerardo Quirino
289,43381,4522,Robles Villaseñor Mara Nadiezhda
290,43381,4522,Robles de León Daniel
291,43381,4522,Velázquez González Edgar Enrique
292,43381,4522,Caro Cabrera Salvador
293,43381,4522,Alcaraz Virgen Ma. Elizabeth
294,43381,4522,Cabrera Jiménez J. Jesús
295,43381,4522,Espanta Tejeda Ismael
296,43381,4522,Estrada Ramírez Esteban
297,43381,4522,Flores Gómez Mirza
298,43381,4522,Franco Barba Priscilla
299,43381,4522,Martínez García Jonadab
300,43381,4522,Munguía González Luis Ernesto
301,43381,4522,Pizano Ramos Héctor
302,43381,4522,Rivera Rodríguez Miriam Berenice
303,43380,4521,Sandoval García Ana Lidia
304,43379,4520,Velázquez Chávez Gerardo Quirino
305,43378,4519,Velázquez Chávez Gerardo Quirino
306,43325,4472,González Fierros Adenawer
307,43325,4472,Velázquez González Edgar Enrique
308,43325,4472,De Anda Licea Irma
309,43325,4472,Murguía Torres Claudia
310,43325,4472,Martínez García Jonadab
311,43325,4472,González Orozco Irma Verónica
312,43325,4472,Flores Gómez Mirza
313,43325,4472,Meza Núñez María Patricia
314,43325,4472,González Arana Jorge Eduardo
315,43325,4472,Herrera Estrada Óscar Arturo
316,43325,4472,López Chávez María Esther
317,43325,4472,Cortés Berumen José Hernán
318,43325,4472,Pérez García Érika
319,43325,4472,Lemus Herrera Arturo
320,43325,4472,Macías Zambrano Gustavo
321,43325,4472,Velázquez Chávez Gerardo Quirino
322,43325,4472,Hurtado Torres José de Jesús
323,43321,4468,Valenzuela Álvarez Norma
324,43320,4467,López Chávez María Esther
325,43319,4466,Pérez García Érika
326,43318,4465,Lemus Herrera Arturo
327,43317,4464,De Anda Licea Irma
328,43315,4462,Lemus Herrera Arturo
329,43314,4461,López Chávez María Esther
330,43313,4460,Valenzuela Álvarez Norma
331,43312,4459,Pérez García Érika
332,43311,4458,Pérez García Érika
333,43310,4457,Rodríguez Jiménez Ricardo
334,43309,4456,Rodríguez Jiménez Ricardo
335,43308,4455,Meza Núñez María Patricia
336,43307,4454,Velázquez Chávez Gerardo Quirino
337,43307,4454,Macías Zambrano Gustavo
338,43306,4453,Velázquez Chávez Gerardo Quirino
339,43304,4451,Cabrera Jiménez J. Jesús
340,43304,4451,Velázquez González Edgar Enrique
341,43304,4451,Franco Barba Priscilla
342,43304,4451,Flores Gómez Mirza
343,43304,4451,Lemus Herrera Arturo
344,43304,4451,Estrada Ramírez Esteban
345,43304,4451,Murguía Torres Claudia
346,43304,4451,Munguía González Luis Ernesto
347,43304,4451,Zúñiga Mendoza J. Jesús
348,43304,4451,Velázquez Chávez Gerardo Quirino
349,43304,4451,Martínez García Jonadab
350,43304,4451,Alcaraz Virgen Ma. Elizabeth
351,43304,4451,Espanta Tejeda Ismael
352,43304,4451,Pizano Ramos Héctor
353,43304,4451,García Mosqueda Sofía Berenice
354,43304,4451,Blancas Mercado Bruno
355,43304,4451,Meza Núñez María Patricia
356,43304,4451,Valenzuela Álvarez Norma
357,43304,4451,Robles de León Daniel
358,43304,4451,Romo Mendoza Francisco Javier
359,43304,4451,Rivera Rodríguez Miriam Berenice
360,43304,4451,Hurtado Torres José de Jesús
361,43304,4451,Herrera Estrada Óscar Arturo
362,43304,4451,Pérez García Érika
363,43304,4451,Caro Cabrera Salvador
364,43303,4450,Herrera Estrada Óscar Arturo
365,43303,4450,Flores Gómez Mirza
366,43302,4449,Flores Gómez Mirza
367,43302,4449,Herrera Estrada Óscar Arturo
368,43301,4448,Herrera Estrada Óscar Arturo
369,43301,4448,García Mosqueda Sofía Berenice
370,43301,4448,Pérez García Érika
371,43300,4447,González Orozco Irma Verónica
372,43299,4446,López Chávez María Esther
373,43298,4445,Hurtado Torres José de Jesús
374,43298,4445,Lemus Herrera Arturo
375,43232,4398,Tala
376,43229,4397,Tizapán el Alto
377,43220,4392,Mazamitla
378,43215,4390,Gobernador del Estado de Jalisco
379,43214,4389,Gobernador del Estado de Jalisco
380,43206,4381,Meza Núñez María Patricia
381,43204,4379,Sandoval García Ana Lidia
382,43203,4378,Sandoval García Ana Lidia
383,43202,4377,Rivera Rodríguez Miriam Berenice
384,43201,4376,Hurtado Torres José de Jesús
385,43200,4375,Hurtado Torres José de Jesús
386,43199,4374,Macías Zambrano Gustavo
387,43198,4373,Macías Zambrano Gustavo
388,43197,4372,Sandoval García Ana Lidia
389,43197,4372,Franco Barba Priscilla
390,43196,4371,Macías Zambrano Gustavo
391,43195,4370,Macías Zambrano Gustavo
392,43194,4369,López Chávez María Esther
393,43194,4369,Cabrera Jiménez J. Jesús
394,43194,4369,Lemus Herrera Arturo
395,43194,4369,Pizano Ramos Héctor
396,43194,4369,Macías Zambrano Gustavo
397,43194,4369,Valenzuela Álvarez Norma
398,43194,4369,Sánchez Carrillo Carlos Eduardo
399,43194,4369,De Anda Licea Irma
400,43194,4369,González Orozco Irma Verónica
401,43194,4369,Fregoso Franco Rosa Angélica
402,43194,4369,Meza Núñez María Patricia
403,43194,4369,Pérez García Érika
404,43194,4369,González Fierros Adenawer
405,43194,4369,Velázquez González Edgar Enrique
406,43194,4369,Velázquez Chávez Gerardo Quirino
407,43194,4369,Zúñiga Mendoza J. Jesús
408,43194,4369,Cortés Berumen José Hernán
409,43194,4369,González Arana Jorge Eduardo
410,43194,4369,Hurtado Torres José de Jesús
411,43194,4369,Murguía Torres Claudia
412,43194,4369,Blancas Mercado Bruno
413,43194,4369,Herrera Estrada Óscar Arturo
414,43193,4368,Pérez García Érika
415,43193,4368,Velázquez Chávez Gerardo Quirino
416,43193,4368,Hurtado Torres José de Jesús
417,43193,4368,Zúñiga Mendoza J. Jesús
418,43193,4368,Herrera Estrada Óscar Arturo
419,43193,4368,Cabrera Jiménez J. Jesús
420,43193,4368,Franco Barba Priscilla
421,43193,4368,Martínez García Jonadab
422,43193,4368,Estrada Ramírez Esteban
423,43193,4368,Valenzuela Álvarez Norma
424,43193,4368,Espanta Tejeda Ismael
425,43193,4368,Fregoso Franco Rosa Angélica
426,43193,4368,Velázquez González Edgar Enrique
427,43193,4368,Pizano Ramos Héctor
428,43193,4368,Rivera Rodríguez Miriam Berenice
429,43193,4368,López Chávez María Esther
430,43193,4368,Meza Núñez María Patricia
431,43193,4368,Murguía Torres Claudia
432,43193,4368,Macías Zambrano Gustavo
433,43193,4368,García Mosqueda Sofía Berenice
434,43193,4368,De Anda Licea Irma
435,43192,4367,Sandoval García Ana Lidia
436,43192,4367,González Arana Jorge Eduardo
437,43192,4367,Velázquez Chávez Gerardo Quirino
438,43192,4367,Romo Mendoza Francisco Javier
439,43192,4367,Macías Zambrano Gustavo
440,43192,4367,Zúñiga Mendoza J. Jesús
441,43192,4367,Robles Villaseñor Mara Nadiezhda
442,43192,4367,Robles de León Daniel
443,43192,4367,Rivera Rodríguez Miriam Berenice
444,43192,4367,Munguía González Luis Ernesto
445,43192,4367,Flores Gómez Mirza
446,43192,4367,Estrada Ramírez Esteban
447,43192,4367,Alcaraz Virgen Ma. Elizabeth
448,43192,4367,Lemus Herrera Arturo
449,43192,4367,Velázquez González Edgar Enrique
450,43192,4367,Espanta Tejeda Ismael
451,43192,4367,Hurtado Torres José de Jesús
452,43192,4367,González Fierros Adenawer
453,43192,4367,Fregoso Franco Rosa Angélica
454,43192,4367,Caro Cabrera Salvador
455,43192,4367,Murguía Torres Claudia
456,43192,4367,Sánchez Carrillo Carlos Eduardo
457,43192,4367,Cortés Berumen José Hernán
458,43192,4367,De Anda Licea Irma
459,43192,4367,González Orozco Irma Verónica
460,43192,4367,Herrera Estrada Óscar Arturo
461,43192,4367,Franco Barba Priscilla
462,43192,4367,Cabrera Jiménez J. Jesús
463,43192,4367,Martínez García Jonadab
464,43192,4367,Pizano Ramos Héctor
465,43191,4366,Espanta Tejeda Ismael
466,43191,4366,Cabrera Jiménez J. Jesús
467,43191,4366,Martínez García Jonadab
468,43191,4366,Velázquez González Edgar Enrique
469,43191,4366,García Mosqueda Sofía Berenice
470,43191,4366,Velázquez Chávez Gerardo Quirino
471,43191,4366,Macías Zambrano Gustavo
472,43191,4366,Hurtado Torres José de Jesús
473,43191,4366,González Arana Jorge Eduardo
474,43191,4366,Sandoval García Ana Lidia
475,43191,4366,Romo Mendoza Francisco Javier
476,43191,4366,Robles Villaseñor Mara Nadiezhda
477,43191,4366,Robles de León Daniel
478,43191,4366,Rivera Rodríguez Miriam Berenice
479,43191,4366,Munguía González Luis Ernesto
480,43191,4366,Flores Gómez Mirza
481,43191,4366,Murguía Torres Claudia
482,43191,4366,Lemus Herrera Arturo
483,43191,4366,De Anda Licea Irma
484,43191,4366,Herrera Estrada Óscar Arturo
485,43191,4366,Estrada Ramírez Esteban
486,43191,4366,Sánchez Carrillo Carlos Eduardo
487,43191,4366,González Orozco Irma Verónica
488,43191,4366,Alcaraz Virgen Ma. Elizabeth
489,43191,4366,Fregoso Franco Rosa Angélica
490,43191,4366,Cortés Berumen José Hernán
491,43191,4366,Pizano Ramos Héctor
492,43191,4366,Caro Cabrera Salvador
493,43191,4366,Zúñiga Mendoza J. Jesús
494,43191,4366,González Fierros Adenawer
495,43191,4366,Franco Barba Priscilla
496,43190,4365,Cabrera Jiménez J. Jesús
497,43190,4365,García Mosqueda Sofía Berenice
498,43190,4365,Martínez García Jonadab
499,43190,4365,Pizano Ramos Héctor
500,43190,4365,Velázquez Chávez Gerardo Quirino
501,43190,4365,Hurtado Torres José de Jesús
502,43190,4365,González Arana Jorge Eduardo
503,43190,4365,Sandoval García Ana Lidia
504,43190,4365,Romo Mendoza Francisco Javier
505,43190,4365,Robles Villaseñor Mara Nadiezhda
506,43190,4365,Robles de León Daniel
507,43190,4365,Rivera Rodríguez Miriam Berenice
508,43190,4365,Munguía González Luis Ernesto
509,43190,4365,Flores Gómez Mirza
510,43190,4365,Lemus Herrera Arturo
511,43190,4365,González Fierros Adenawer
512,43190,4365,Macías Zambrano Gustavo
513,43190,4365,Fregoso Franco Rosa Angélica
514,43190,4365,González Orozco Irma Verónica
515,43190,4365,Velázquez González Edgar Enrique
516,43190,4365,Sánchez Carrillo Carlos Eduardo
517,43190,4365,Espanta Tejeda Ismael
518,43190,4365,Estrada Ramírez Esteban
519,43190,4365,Murguía Torres Claudia
520,43190,4365,Franco Barba Priscilla
521,43190,4365,Cortés Berumen José Hernán
522,43190,4365,De Anda Licea Irma
523,43190,4365,Caro Cabrera Salvador
524,43190,4365,Herrera Estrada Óscar Arturo
525,43190,4365,Zúñiga Mendoza J. Jesús
526,43189,4364,Sánchez Carrillo Carlos Eduardo
527,43188,4363,Sánchez Carrillo Carlos Eduardo
528,43188,4363,Herrera Estrada Óscar Arturo
529,43187,4362,López Chávez María Esther
530,43187,4362,Fregoso Franco Rosa Angélica
531,43187,4362,Zúñiga Mendoza J. Jesús
532,43187,4362,Rivera Rodríguez Miriam Berenice
533,43187,4362,Alcaraz Virgen Ma. Elizabeth
534,43187,4362,Hurtado Torres José de Jesús
535,43187,4362,González Fierros Adenawer
536,43187,4362,González Orozco Irma Verónica
537,43187,4362,Murguía Torres Claudia
538,43187,4362,Herrera Estrada Óscar Arturo
539,43187,4362,Valenzuela Álvarez Norma
540,43187,4362,Macías Zambrano Gustavo
541,43187,4362,Pérez García Érika
542,43187,4362,Blancas Mercado Bruno
543,43187,4362,Velázquez Chávez Gerardo Quirino
544,43187,4362,Lemus Herrera Arturo
545,43187,4362,Meza Núñez María Patricia
546,43187,4362,Cortés Berumen José Hernán
547,43187,4362,Velázquez González Edgar Enrique
548,43187,4362,De Anda Licea Irma
549,43187,4362,González Arana Jorge Eduardo
550,43187,4362,Sánchez Carrillo Carlos Eduardo
551,43187,4362,Estrada Ramírez Esteban
552,43168,4351,Jamay
553,43150,4333,Gómez Farías
554,43132,4315,Cocula
555,43131,4314,Amacueca
556,43130,4313,Tizapán el Alto
557,43129,4312,Zacoalco de Torres
558,43128,4311,Zapopan
559,43127,4310,Tuxcueca
560,43097,4297,Murguía Torres Claudia
561,43096,4296,Franco Barba Priscilla
562,43096,4296,Fernández Ramírez Mariana
563,43095,4295,Sandoval García Ana Lidia
564,43094,4294,Sandoval García Ana Lidia
565,43093,4293,Robles de León Daniel
566,43092,4292,Espanta Tejeda Ismael
567,43091,4291,De Anda Licea Irma
568,43090,4290,Pizano Ramos Héctor
569,43089,4289,Cabrera Jiménez J. Jesús
570,43089,4289,Martínez García Jonadab
571,43088,4288,Hurtado Torres José de Jesús
572,43087,4287,Hurtado Torres José de Jesús
573,43086,4286,Pérez García Érika
574,43086,4286,Meza Núñez María Patricia
575,43086,4286,López Chávez María Esther
576,43086,4286,Lemus Herrera Arturo
577,43086,4286,Blancas Mercado Bruno
578,43086,4286,Valenzuela Álvarez Norma
579,43085,4285,Herrera Estrada Óscar Arturo
580,43084,4284,Herrera Estrada Óscar Arturo
581,43082,4283,Cabrera Jiménez J. Jesús
582,43082,4283,Fregoso Franco Rosa Angélica
583,43082,4283,Herrera Estrada Óscar Arturo
584,43082,4283,González Orozco Irma Verónica
585,43082,4283,Pizano Ramos Héctor
586,43082,4283,Rodríguez Jiménez Ricardo
587,43082,4283,De Anda Licea Irma
588,43082,4283,Fernández Ramírez Mariana
589,43082,4283,Murguía Torres Claudia
590,43082,4283,Zúñiga Mendoza J. Jesús
591,43082,4283,González Fierros Adenawer
592,43082,4283,Sánchez Carrillo Carlos Eduardo
593,43082,4283,García Mosqueda Sofía Berenice
594,43082,4283,Valenzuela Álvarez Norma
595,43082,4283,González Arana Jorge Eduardo
596,43082,4283,Macías Zambrano Gustavo
597,43082,4283,Blancas Mercado Bruno
598,43082,4283,Lemus Herrera Arturo
599,43082,4283,López Chávez María Esther
600,43082,4283,Meza Núñez María Patricia
601,43082,4283,Cortés Berumen José Hernán
602,43082,4283,Pérez García Érika
603,43082,4283,Hurtado Torres José de Jesús
604,43080,4280,Meza Núñez María Patricia
605,43080,4280,Herrera Estrada Óscar Arturo
606,43080,4280,Velázquez Chávez Gerardo Quirino
607,43080,4280,Pizano Ramos Héctor
608,43080,4280,Franco Barba Priscilla
609,43080,4280,De Anda Licea Irma
610,43080,4280,Velázquez González Edgar Enrique
611,43080,4280,Fregoso Franco Rosa Angélica
612,43079,4279,Franco Barba Priscilla
613,43079,4279,Meza Núñez María Patricia
614,43079,4279,Herrera Estrada Óscar Arturo
615,43079,4279,Velázquez Chávez Gerardo Quirino
616,43079,4279,De Anda Licea Irma
617,43079,4279,Pizano Ramos Héctor
618,43079,4279,Fregoso Franco Rosa Angélica
619,43079,4279,Velázquez González Edgar Enrique
620,43078,4278,De Anda Licea Irma
621,43077,4277,Sánchez Carrillo Carlos Eduardo
622,43077,4277,Meza Núñez María Patricia
623,43077,4277,Herrera Estrada Óscar Arturo
624,43077,4277,González Arana Jorge Eduardo
625,43077,4277,Hurtado Torres José de Jesús
626,43077,4277,González Orozco Irma Verónica
627,43077,4277,De Anda Licea Irma
628,43077,4277,Murguía Torres Claudia
629,43077,4277,Macías Zambrano Gustavo
630,43077,4277,González Fierros Adenawer
631,43077,4277,Cortés Berumen José Hernán
632,43076,4276,Herrera Estrada Óscar Arturo
633,43076,4276,Velázquez Chávez Gerardo Quirino
634,43076,4276,Alcaraz Virgen Ma. Elizabeth
635,43074,4274,Caro Cabrera Salvador
636,43074,4274,González Arana Jorge Eduardo
637,43074,4274,López Chávez María Esther
638,43074,4274,Lemus Herrera Arturo
639,43074,4274,Sandoval García Ana Lidia
640,43074,4274,Romo Mendoza Francisco Javier
641,43074,4274,Robles Villaseñor Mara Nadiezhda
642,43074,4274,Munguía González Luis Ernesto
643,43074,4274,Espanta Tejeda Ismael
644,43074,4274,Herrera Estrada Óscar Arturo
645,43074,4274,Alcaraz Virgen Ma. Elizabeth
646,43074,4274,Meza Núñez María Patricia
647,43074,4274,Rivera Rodríguez Miriam Berenice
648,43074,4274,Velázquez González Edgar Enrique
649,43074,4274,Zúñiga Mendoza J. Jesús
650,43074,4274,Velázquez Chávez Gerardo Quirino
651,43074,4274,Pizano Ramos Héctor
652,43074,4274,De Anda Licea Irma
653,43074,4274,Fernández Ramírez Mariana
654,43074,4274,Macías Zambrano Gustavo
655,43074,4274,Robles de León Daniel
656,43074,4274,Estrada Ramírez Esteban
657,43074,4274,Flores Gómez Mirza
658,43074,4274,Cortés Berumen José Hernán
659,43074,4274,Murguía Torres Claudia
660,43074,4274,Blancas Mercado Bruno
661,43074,4274,González Fierros Adenawer
662,43074,4274,González Orozco Irma Verónica
663,43074,4274,Pérez García Érika
664,43074,4274,Franco Barba Priscilla
665,43074,4274,Fregoso Franco Rosa Angélica
666,43074,4274,García Mosqueda Sofía Berenice
667,43074,4274,Cabrera Jiménez J. Jesús
668,43074,4274,Hurtado Torres José de Jesús
669,43074,4274,Valenzuela Álvarez Norma
670,43074,4274,Martínez García Jonadab
671,43074,4274,Sánchez Carrillo Carlos Eduardo
672,43071,4271,Pizano Ramos Héctor
673,43071,4271,Pérez García Érika
674,43071,4271,Cortés Berumen José Hernán
675,43071,4271,González Fierros Adenawer
676,43071,4271,González Orozco Irma Verónica
677,43071,4271,Sánchez Carrillo Carlos Eduardo
678,43071,4271,De Anda Licea Irma
679,43071,4271,Estrada Ramírez Esteban
680,43071,4271,Munguía González Luis Ernesto
681,43071,4271,Sandoval García Ana Lidia
682,43071,4271,Robles de León Daniel
683,43071,4271,García Mosqueda Sofía Berenice
684,43071,4271,López Chávez María Esther
685,43071,4271,Lemus Herrera Arturo
686,43071,4271,Herrera Estrada Óscar Arturo
687,43071,4271,Martínez García Jonadab
688,43071,4271,Fernández Ramírez Mariana
689,43071,4271,Robles Villaseñor Mara Nadiezhda
690,43071,4271,Franco Barba Priscilla
691,43071,4271,Romo Mendoza Francisco Javier
692,43071,4271,Macías Zambrano Gustavo
693,43071,4271,Flores Gómez Mirza
694,43071,4271,Murguía Torres Claudia
695,43071,4271,Velázquez Chávez Gerardo Quirino
696,43071,4271,Velázquez González Edgar Enrique
697,43071,4271,Caro Cabrera Salvador
698,43071,4271,Blancas Mercado Bruno
699,43071,4271,González Arana Jorge Eduardo
700,43071,4271,Alcaraz Virgen Ma. Elizabeth
701,43071,4271,Espanta Tejeda Ismael
702,43071,4271,Valenzuela Álvarez Norma
703,43071,4271,Rivera Rodríguez Miriam Berenice
704,43071,4271,Fregoso Franco Rosa Angélica
705,43071,4271,Zúñiga Mendoza J. Jesús
706,43071,4271,Hurtado Torres José de Jesús
707,43071,4271,Cabrera Jiménez J. Jesús
708,43071,4271,Meza Núñez María Patricia
709,43070,4270,Espanta Tejeda Ismael
710,43031,4241,Macías Zambrano Gustavo
711,42996,4221,Macías Zambrano Gustavo
712,42901,4126,Cortés Berumen José Hernán
713,42893,4124,Juanacatlán
714,42889,4122,Velázquez Chávez Gerardo Quirino
715,42889,4122,Fregoso Franco Rosa Angélica
716,42889,4122,Pérez García Érika
717,42889,4122,Caro Cabrera Salvador
718,42889,4122,Fernández Ramírez Mariana
719,42889,4122,Herrera Estrada Óscar Arturo
720,42888,4121,Pizano Ramos Héctor
721,42887,4120,Macías Zambrano Gustavo
722,42886,4119,López Chávez María Esther
723,42885,4118,Fernández Ramírez Mariana
724,42884,4117,Cortés Berumen José Hernán
725,42884,4117,Sánchez Carrillo Carlos Eduardo
726,42884,4117,González Orozco Irma Verónica
727,42884,4117,González Fierros Adenawer
728,42883,4116,Sánchez Carrillo Carlos Eduardo
729,42883,4116,González Orozco Irma Verónica
730,42883,4116,González Fierros Adenawer
731,42883,4116,Cortés Berumen José Hernán
732,42882,4115,Fregoso Franco Rosa Angélica
733,42881,4114,Cabrera Jiménez J. Jesús
734,42880,4113,Sandoval García Ana Lidia
735,42879,4112,Robles de León Daniel
736,42878,4111,Caro Cabrera Salvador
737,42878,4111,De Anda Licea Irma
738,42878,4111,Fregoso Franco Rosa Angélica
739,42878,4111,Hurtado Torres José de Jesús
740,42878,4111,González Arana Jorge Eduardo
741,42878,4111,Sandoval García Ana Lidia
742,42878,4111,Flores Gómez Mirza
743,42878,4111,Espanta Tejeda Ismael
744,42878,4111,Pizano Ramos Héctor
745,42878,4111,Romo Mendoza Francisco Javier
746,42878,4111,Velázquez González Edgar Enrique
747,42878,4111,Franco Barba Priscilla
748,42878,4111,Murguía Torres Claudia
749,42878,4111,González Orozco Irma Verónica
750,42878,4111,Robles Villaseñor Mara Nadiezhda
751,42878,4111,Rivera Rodríguez Miriam Berenice
752,42878,4111,González Fierros Adenawer
753,42878,4111,Alcaraz Virgen Ma. Elizabeth
754,42878,4111,Zúñiga Mendoza J. Jesús
755,42878,4111,Robles de León Daniel
756,42878,4111,Velázquez Chávez Gerardo Quirino
757,42878,4111,Munguía González Luis Ernesto
758,42878,4111,Cabrera Jiménez J. Jesús
759,42878,4111,Macías Zambrano Gustavo
760,42878,4111,Martínez García Jonadab
761,42878,4111,Sánchez Carrillo Carlos Eduardo
762,42877,4110,Herrera Estrada Óscar Arturo
763,42877,4110,Velázquez Chávez Gerardo Quirino
764,42877,4110,Pérez García Érika
765,42877,4110,De Anda Licea Irma
766,42877,4110,Franco Barba Priscilla
767,42877,4110,Romo Mendoza Francisco Javier
768,42877,4110,Rivera Rodríguez Miriam Berenice
769,42877,4110,Espanta Tejeda Ismael
770,42877,4110,Caro Cabrera Salvador
771,42877,4110,Hurtado Torres José de Jesús
772,42877,4110,González Fierros Adenawer
773,42877,4110,González Arana Jorge Eduardo
774,42877,4110,Cortés Berumen José Hernán
775,42877,4110,Meza Núñez María Patricia
776,42877,4110,López Chávez María Esther
777,42877,4110,Blancas Mercado Bruno
778,42877,4110,Robles de León Daniel
779,42877,4110,Pizano Ramos Héctor
780,42877,4110,Robles Villaseñor Mara Nadiezhda
781,42877,4110,Murguía Torres Claudia
782,42877,4110,Cabrera Jiménez J. Jesús
783,42877,4110,Macías Zambrano Gustavo
784,42877,4110,Sánchez Carrillo Carlos Eduardo
785,42877,4110,Sandoval García Ana Lidia
786,42877,4110,Estrada Ramírez Esteban
787,42877,4110,Valenzuela Álvarez Norma
788,42877,4110,Fregoso Franco Rosa Angélica
789,42877,4110,Lemus Herrera Arturo
790,42877,4110,Flores Gómez Mirza
791,42877,4110,Munguía González Luis Ernesto
792,42877,4110,Martínez García Jonadab
793,42877,4110,Alcaraz Virgen Ma. Elizabeth
794,42877,4110,Zúñiga Mendoza J. Jesús
795,42877,4110,González Orozco Irma Verónica
796,42876,4109,Fregoso Franco Rosa Angélica
797,42876,4109,Franco Barba Priscilla
798,42876,4109,De Anda Licea Irma
799,42876,4109,Cabrera Jiménez J. Jesús
800,42876,4109,Alcaraz Virgen Ma. Elizabeth
801,42876,4109,Velázquez González Edgar Enrique
802,42876,4109,Macías Zambrano Gustavo
803,42876,4109,Munguía González Luis Ernesto
804,42876,4109,Flores Gómez Mirza
805,42876,4109,Robles de León Daniel
806,42876,4109,Pizano Ramos Héctor
807,42876,4109,Blancas Mercado Bruno
808,42876,4109,Murguía Torres Claudia
809,42876,4109,López Chávez María Esther
810,42876,4109,Robles Villaseñor Mara Nadiezhda
811,42876,4109,Sánchez Carrillo Carlos Eduardo
812,42876,4109,Martínez García Jonadab
813,42876,4109,Velázquez Chávez Gerardo Quirino
814,42876,4109,Herrera Estrada Óscar Arturo
815,42876,4109,Pérez García Érika
816,42876,4109,Sandoval García Ana Lidia
817,42876,4109,González Orozco Irma Verónica
818,42876,4109,Estrada Ramírez Esteban
819,42876,4109,Zúñiga Mendoza J. Jesús
820,42876,4109,Valenzuela Álvarez Norma
821,42876,4109,Meza Núñez María Patricia
822,42876,4109,Lemus Herrera Arturo
823,42875,4108,Fregoso Franco Rosa Angélica
824,42875,4108,Hurtado Torres José de Jesús
825,42875,4108,González Arana Jorge Eduardo
826,42875,4108,De Anda Licea Irma
827,42875,4108,Zúñiga Mendoza J. Jesús
828,42875,4108,González Fierros Adenawer
829,42875,4108,Cortés Berumen José Hernán
830,42875,4108,Murguía Torres Claudia
831,42875,4108,Lemus Herrera Arturo
832,42875,4108,González Orozco Irma Verónica
833,42875,4108,Macías Zambrano Gustavo
834,42875,4108,Sánchez Carrillo Carlos Eduardo
835,42874,4107,González Orozco Irma Verónica
836,42872,4105,Herrera Estrada Óscar Arturo
837,42872,4105,Sánchez Carrillo Carlos Eduardo
838,42871,4104,López Chávez María Esther
839,42871,4104,Herrera Estrada Óscar Arturo
840,42871,4104,González Fierros Adenawer
841,42871,4104,González Orozco Irma Verónica
842,42871,4104,Cortés Berumen José Hernán
843,42871,4104,Sánchez Carrillo Carlos Eduardo
844,42870,4103,Zúñiga Mendoza J. Jesús
845,42870,4103,Valenzuela Álvarez Norma
846,42870,4103,Pérez García Érika
847,42870,4103,Meza Núñez María Patricia
848,42870,4103,López Chávez María Esther
849,42870,4103,Blancas Mercado Bruno
850,42870,4103,Sánchez Carrillo Carlos Eduardo
851,42870,4103,Macías Zambrano Gustavo
852,42870,4103,De Anda Licea Irma
853,42870,4103,González Arana Jorge Eduardo
854,42870,4103,García Mosqueda Sofía Berenice
855,42870,4103,Herrera Estrada Óscar Arturo
856,42870,4103,González Fierros Adenawer
857,42870,4103,Murguía Torres Claudia
858,42870,4103,Fregoso Franco Rosa Angélica
859,42870,4103,González Orozco Irma Verónica
860,42870,4103,Cortés Berumen José Hernán
861,42870,4103,Fernández Ramírez Mariana
862,42870,4103,Lemus Herrera Arturo
863,42870,4103,Hurtado Torres José de Jesús
864,42869,4102,Pizano Ramos Héctor
865,42869,4102,Lemus Herrera Arturo
866,42869,4102,Pérez García Érika
867,42869,4102,Rivera Rodríguez Miriam Berenice
868,42869,4102,Sánchez Carrillo Carlos Eduardo
869,42869,4102,Herrera Estrada Óscar Arturo
870,42869,4102,García Mosqueda Sofía Berenice
871,42869,4102,Fregoso Franco Rosa Angélica
872,42869,4102,Flores Gómez Mirza
873,42869,4102,Alcaraz Virgen Ma. Elizabeth
874,42869,4102,Franco Barba Priscilla
875,42869,4102,Caro Cabrera Salvador
876,42869,4102,Espanta Tejeda Ismael
877,42869,4102,Robles Villaseñor Mara Nadiezhda
878,42869,4102,Murguía Torres Claudia
879,42869,4102,Munguía González Luis Ernesto
880,42869,4102,Velázquez Chávez Gerardo Quirino
881,42869,4102,Robles de León Daniel
882,42869,4102,Cortés Berumen José Hernán
883,42869,4102,Sandoval García Ana Lidia
884,42869,4102,Blancas Mercado Bruno
885,42869,4102,López Chávez María Esther
886,42869,4102,Meza Núñez María Patricia
887,42869,4102,Valenzuela Álvarez Norma
888,42869,4102,González Arana Jorge Eduardo
889,42869,4102,Hurtado Torres José de Jesús
890,42869,4102,Macías Zambrano Gustavo
891,42869,4102,Velázquez González Edgar Enrique
892,42869,4102,Romo Mendoza Francisco Javier
893,42869,4102,Cabrera Jiménez J. Jesús
894,42869,4102,De Anda Licea Irma
895,42869,4102,González Orozco Irma Verónica
896,42869,4102,González Fierros Adenawer
897,42869,4102,Zúñiga Mendoza J. Jesús
898,42869,4102,Fernández Ramírez Mariana
899,42869,4102,Estrada Ramírez Esteban
900,42815,4078,Espanta Tejeda Ismael
901,42814,4077,Sánchez Carrillo Carlos Eduardo
902,42813,4076,De Anda Licea Irma
903,42813,4076,González Fierros Adenawer
904,42813,4076,González Arana Jorge Eduardo
905,42813,4076,Cortés Berumen José Hernán
906,42813,4076,Macías Zambrano Gustavo
907,42813,4076,Murguía Torres Claudia
908,42813,4076,González Orozco Irma Verónica
909,42811,4074,Pérez García Érika
910,42810,4073,López Chávez María Esther
911,42810,4073,Valenzuela Álvarez Norma
912,42810,4073,Pérez García Érika
913,42809,4072,Alcaraz Virgen Ma. Elizabeth
914,42809,4072,González Fierros Adenawer
915,42809,4072,Cortés Berumen José Hernán
916,42808,4071,Franco Barba Priscilla
917,42808,4071,Espanta Tejeda Ismael
918,42808,4071,Alcaraz Virgen Ma. Elizabeth
919,42808,4071,Munguía González Luis Ernesto
920,42808,4071,Martínez García Jonadab
921,42808,4071,Valenzuela Álvarez Norma
922,42808,4071,Robles Villaseñor Mara Nadiezhda
923,42808,4071,Caro Cabrera Salvador
924,42808,4071,Pérez García Érika
925,42808,4071,Flores Gómez Mirza
926,42808,4071,Estrada Ramírez Esteban
927,42808,4071,Lemus Herrera Arturo
928,42808,4071,Blancas Mercado Bruno
929,42808,4071,López Chávez María Esther
930,42808,4071,Meza Núñez María Patricia
931,42808,4071,Rivera Rodríguez Miriam Berenice
932,42808,4071,Cabrera Jiménez J. Jesús
933,42808,4071,Robles de León Daniel
934,42808,4071,Sandoval García Ana Lidia
935,42808,4071,Romo Mendoza Francisco Javier
936,42808,4071,García Mosqueda Sofía Berenice
937,42807,4070,López Chávez María Esther
938,42803,4066,Estrada Ramírez Esteban
939,42803,4066,Caro Cabrera Salvador
940,42803,4066,Alcaraz Virgen Ma. Elizabeth
941,42803,4066,Pizano Ramos Héctor
942,42803,4066,Sandoval García Ana Lidia
943,42803,4066,Franco Barba Priscilla
944,42803,4066,Lemus Herrera Arturo
945,42803,4066,Flores Gómez Mirza
946,42803,4066,Romo Mendoza Francisco Javier
947,42803,4066,Munguía González Luis Ernesto
948,42803,4066,Cabrera Jiménez J. Jesús
949,42803,4066,Espanta Tejeda Ismael
950,42803,4066,Robles Villaseñor Mara Nadiezhda
951,42803,4066,Robles de León Daniel
952,42803,4066,Rivera Rodríguez Miriam Berenice
953,42803,4066,Martínez García Jonadab
954,42801,4064,Pizano Ramos Héctor
955,42801,4064,Velázquez González Edgar Enrique
956,42798,4061,Macías Zambrano Gustavo
957,42798,4061,Romo Mendoza Francisco Javier
958,42798,4061,Velázquez Chávez Gerardo Quirino
959,42798,4061,De Anda Licea Irma
960,42798,4061,González Arana Jorge Eduardo
961,42798,4061,Espanta Tejeda Ismael
962,42798,4061,Robles de León Daniel
963,42798,4061,González Fierros Adenawer
964,42798,4061,Lemus Herrera Arturo
965,42798,4061,Flores Gómez Mirza
966,42798,4061,Sandoval García Ana Lidia
967,42798,4061,Blancas Mercado Bruno
968,42798,4061,Martínez García Jonadab
969,42798,4061,Estrada Ramírez Esteban
970,42798,4061,Rivera Rodríguez Miriam Berenice
971,42798,4061,López Chávez María Esther
972,42798,4061,Meza Núñez María Patricia
973,42798,4061,Hurtado Torres José de Jesús
974,42798,4061,Fernández Ramírez Mariana
975,42798,4061,Zúñiga Mendoza J. Jesús
976,42798,4061,Pizano Ramos Héctor
977,42798,4061,Murguía Torres Claudia
978,42798,4061,González Orozco Irma Verónica
979,42798,4061,García Mosqueda Sofía Berenice
980,42798,4061,Alcaraz Virgen Ma. Elizabeth
981,42798,4061,Pérez García Érika
982,42798,4061,Munguía González Luis Ernesto
983,42798,4061,Velázquez González Edgar Enrique
984,42798,4061,Robles Villaseñor Mara Nadiezhda
985,42798,4061,Franco Barba Priscilla
986,42798,4061,Valenzuela Álvarez Norma
987,42760,4040,Autlán de Navarro
988,42749,4035,Gobernador del Estado de Jalisco
989,42748,4034,Gobernador del Estado de Jalisco
990,42697,4030,Ixtlahuacán del Río
991,42697,4030,Tonalá
992,42729,4025,Gobernador del Estado de Jalisco
993,42686,3995,Poncitlán
994,42667,3993,González Fierros Adenawer
995,42209,3695,De Anda Licea Irma
996,42200,3686,González Fierros Adenawer
997,42200,3686,González Arana Jorge Eduardo
998,42200,3686,Cortés Berumen José Hernán
999,42200,3686,Murguía Torres Claudia
1000,42200,3686,Macías Zambrano Gustavo
1001,42200,3686,De Anda Licea Irma
1002,42200,3686,González Orozco Irma Verónica
1003,42200,3686,Hurtado Torres José de Jesús
1004,42200,3686,Herrera Estrada Óscar Arturo
1005,42200,3686,Sánchez Carrillo Carlos Eduardo
1006,42084,3592,Sandoval García Ana Lidia
1007,42079,3587,Cortés Berumen José Hernán
1008,42079,3587,Cortés Berumen José Hernán
1009,41997,3520,Gobernador del Estado de Jalisco
1010,41996,3519,Gobernador del Estado de Jalisco
1011,41673,3282,Gobernador del Estado de Jalisco
1012,41672,3281,Gobernador del Estado de Jalisco
1013,41671,3280,Gobernador del Estado de Jalisco
1014,40141,2057,De Anda Licea Irma
1015,38599,1626,De Anda Licea Irma
1016,37318,667,Gobernador del Estado de Jalisco
1017,35525,49,Pizano Ramos Héctor
1018,35525,49,Velázquez González Edgar Enrique
1019,35525,49,Velázquez Chávez Gerardo Quirino
1020,35525,49,Franco Barba Priscilla
